Workbook

Sheet exc_ret_merval
A1: Dates | B1: exc_ret_merval
A2: =+BBG!A7 -> 36179 | B2: =+BBG!G7 -> 1
A3: =+BBG!A8 -> 36180 | B3: =+BBG!G8 -> 1.0007218
A4: =+BBG!A9 -> 36181 | B4: =+BBG!G9 -> 0.93680741
A5: =+BBG!A10 -> 36182 | B5: =+BBG!G10 -> 0.94162151
A6: =+BBG!A11 -> 36185 | B6: =+BBG!G11 -> 0.93966022
A7: =+BBG!A12 -> 36186 | B7: =+BBG!G12 -> 0.94690855
A8: =+BBG!A13 -> 36187 | B8: =+BBG!G13 -> 0.96407838
A9: =+BBG!A14 -> 36188 | B9: =+BBG!G14 -> 0.96142343
A10: =+BBG!A15 -> 36189 | B10: =+BBG!G15 -> 0.97234068
A11: =+BBG!A16 -> 36192 | B11: =+BBG!G16 -> 1.0236203
A12: =+BBG!A17 -> 36193 | B12: =+BBG!G17 -> 1.033594
A13: =+BBG!A18 -> 36194 | B13: =+BBG!G18 -> 1.0340786
... A7129: =+BBG!A7134 -> 46156 | B7129: =+BBG!G7134 -> 6.850372

Sheet BBG
A1: Start Date | B1: 36179
A2: End Date
B4: MERVAL Index | C4: BADLARPP Index | H4: 1784AHP AR Equity
B5: =_xll.BFieldInfo(B$6) -> Last Price | C5: =_xll.BFieldInfo(C$6) -> Last Price | H5: =_xll.BFieldInfo(H$6) -> Last Price
A6: Dates | B6: PX_LAST | C6: PX_LAST | D6: r merval | E6: r badlar | F6: Retorno ajustado | G6: exc_ret_merval | H6: PX_LAST | I6: Ret Ahorro | J6: Ret Neto Ahorro
A7: =_xll.BDH(B$4,B$6,$B1,$B2,"Dir=V","CDR=5D","Days=A","Dts=S","cols=2;rows=7128") -> 36179 | B7: 380.55 | C7: =_xll.BDH(C$4,C$6,$B1,$B2,"Dir=V","CDR=5D","Days=A","Dts=H","cols=1;rows=7128") -> 12.75 | G7: 1 | H7: =_xll.BDH(H$4,H$6,$B1,$B2,"Dir=V","CDR=5D","Days=A","Dts=H","cols=1;rows=7128") -> 402.439
A8: 36180 | B8: 380.95 | C8: 12 | D8: =+LN(B8/B7) -> 0.0010505582 | E8: =+LN(1+C8/100/365) -> 0.00032871309 | F8: =+D8-E8 -> 0.00072184511 | G8: =+G7*(1+F8) -> 1.0007218 | H8: 402.541 | I8: =+LN(H8/H7) -> 0.00025342245 | J8: =+I8-E8 -> -7.5290645e-05
A9: 36181 | B9: 357.5 | C9: 12.25 | D9: =+LN(B9/B8) -> -0.063532771 | E9: =+LN(1+C9/100/365) -> 0.00033556013 | F9: =+D9-E9 -> -0.063868331 | G9: =+G8*(1+F9) -> 0.93680741 | H9: 402.63 | I9: =+LN(H9/H8) -> 0.00022107105 | J9: =+I9-E9 -> -0.00011448908
A10: 36182 | B10: 359.46 | C10: 12 | D10: =+LN(B10/B9) -> 0.0054675432 | E10: =+LN(1+C10/100/365) -> 0.00032871309 | F10: =+D10-E10 -> 0.0051388301 | G10: =+G9*(1+F10) -> 0.94162151 | H10: 402.717 | I10: =+LN(H10/H9) -> 0.00021605594 | J10: =+I10-E10 -> -0.00011265715
A11: 36185 | B11: 358.83 | C11: 12 | D11: =+LN(B11/B10) -> -0.0017541666 | E11: =+LN(1+C11/100/365) -> 0.00032871309 | F11: =+D11-E11 -> -0.0020828797 | G11: =+G10*(1+F11) -> 0.93966022 | H11: 402.984 | I11: =+LN(H11/H10) -> 0.00066277691 | J11: =+I11-E11 -> 0.00033406382
A12: 36186 | B12: 361.73 | C12: 12.25 | D12: =+LN(B12/B11) -> 0.0080493385 | E12: =+LN(1+C12/100/365) -> 0.00033556013 | F12: =+D12-E12 -> 0.0077137783 | G12: =+G11*(1+F12) -> 0.94690855 | H12: 403.073 | I12: =+LN(H12/H11) -> 0.00022082806 | J12: =+I12-E12 -> -0.00011473208
A13: 36187 | B13: 368.47 | C13: 12 | D13: =+LN(B13/B12) -> 0.01846122 | E13: =+LN(1+C13/100/365) -> 0.00032871309 | F13: =+D13-E13 -> 0.018132507 | G13: =+G12*(1+F13) -> 0.96407838 | H13: 403.163 | I13: =+LN(H13/H12) -> 0.00022325969 | J13: =+I13-E13 -> -0.0001054534
A14: 36188 | B14: 367.58 | C14: 12.25 | D14: =+LN(B14/B13) -> -0.0024183152 | E14: =+LN(1+C14/100/365) -> 0.00033556013 | F14: =+D14-E14 -> -0.0027538753 | G14: =+G13*(1+F14) -> 0.96142343 | H14: 403.256 | I14: =+LN(H14/H13) -> 0.00023064933 | J14: =+I14-E14 -> -0.0001049108
A15: 36189 | B15: 371.9 | C15: 12 | D15: =+LN(B15/B14) -> 0.011684019 | E15: =+LN(1+C15/100/365) -> 0.00032871309 | F15: =+D15-E15 -> 0.011355306 | G15: =+G14*(1+F15) -> 0.97234068 | H15: 403.349 | I15: =+LN(H15/H14) -> 0.00023059614 | J15: =+I15-E15 -> -9.811695e-05
A16: 36192 | B16: 392.17 | C16: 12.125 | D16: =+LN(B16/B15) -> 0.053070418 | E16: =+LN(1+C16/100/365) -> 0.00033213662 | F16: =+D16-E16 -> 0.052738282 | G16: =+G15*(1+F16) -> 1.0236203 | H16: 403.623 | I16: =+LN(H16/H15) -> 0.00067908183 | J16: =+I16-E16 -> 0.00034694521
A17: 36193 | B17: 396.14 | C17: 12 | D17: =+LN(B17/B16) -> 0.010072265 | E17: =+LN(1+C17/100/365) -> 0.00032871309 | F17: =+D17-E17 -> 0.0097435518 | G17: =+G16*(1+F17) -> 1.033594 | H17: 403.712 | I17: =+LN(H17/H16) -> 0.00022047849 | J17: =+I17-E17 -> -0.0001082346
A18: 36194 | B18: 396.45 | C18: 11.4375 | D18: =+LN(B18/B17) -> 0.00078224559 | E18: =+LN(1+C18/100/365) -> 0.00031330708 | F18: =+D18-E18 -> 0.00046893851 | G18: =+G17*(1+F18) -> 1.0340786 | H18: 403.806 | I18: =+LN(H18/H17) -> 0.00023281215 | J18: =+I18-E18 -> -8.049493e-05
A19: 36195 | B19: 396.89 | C19: 10.9375 | D19: =+LN(B19/B18) -> 0.0011092345 | E19: =+LN(1+C19/100/365) -> 0.00029961265 | F19: =+D19-E19 -> 0.00080962184 | G19: =+G18*(1+F19) -> 1.0349159 | H19: 403.9 | I19: =+LN(H19/H18) -> 0.00023275796 | J19: =+I19-E19 -> -6.6854686e-05
... A777: 37257 | B777: 295.39 | C777: 7.5 | D777: =+LN(B777/B776) -> 0 | E777: =+LN(1+C777/100/365) -> 0.00020545834 | F777: =+D777-E777 -> -0.00020545834 | G777: =+G776*(1+F777) -> 0.47973606 | H777: 508.448 | I777: =+LN(H777/H776) -> 0 | J777: =+I777-E777 -> -0.00020545834
A778: 37258 | B778: 323.69 | C778: 7.5 | D778: =+LN(B778/B777) -> 0.091489751 | E778: =+LN(1+C778/100/365) -> 0.00020545834 | F778: =+D778-E778 -> 0.091284292 | G778: =+G777*(1+F778) -> 0.52352843 | H778: 40.294 | I778: =+LN(H778/H777) -> -2.5351604 | J778: 0
A779: 37259 | B779: 340.6 | C779: 7 | D779: =+LN(B779/B778) -> 0.050922501 | E779: =+LN(1+C779/100/365) -> 0.00019176243 | F779: =+D779-E779 -> 0.050730738 | G779: =+G778*(1+F779) -> 0.55008742 | H779: 40.294 | I779: =+LN(H779/H778) -> 0 | J779: =+I779-E779 -> -0.00019176243
A780: 37260 | B780: 343.22 | C780: 7.6875 | D780: =+LN(B780/B779) -> 0.0076628727 | E780: =+LN(1+C780/100/365) -> 0.00021059426 | F780: =+D780-E780 -> 0.0074522785 | G780: =+G779*(1+F780) -> 0.55418682 | H780: 40.294 | I780: =+LN(H780/H779) -> 0 | J780: =+I780-E780 -> -0.00021059426
A781: 37263 | B781: 343.22 | C781: 7.6875 | D781: =+LN(B781/B780) -> 0 | E781: =+LN(1+C781/100/365) -> 0.00021059426 | F781: =+D781-E781 -> -0.00021059426 | G781: =+G780*(1+F781) -> 0.55407011 | H781: 40.294 | I781: =+LN(H781/H780) -> 0 | J781: =+I781-E781 -> -0.00021059426
A782: 37264 | B782: 343.22 | C782: 7.6875 | D782: =+LN(B782/B781) -> 0 | E782: =+LN(1+C782/100/365) -> 0.00021059426 | F782: =+D782-E782 -> -0.00021059426 | G782: =+G781*(1+F782) -> 0.55395343 | H782: 40.294 | I782: =+LN(H782/H781) -> 0 | J782: =+I782-E782 -> -0.00021059426
A783: 37265 | B783: 343.22 | C783: 7.6875 | D783: =+LN(B783/B782) -> 0 | E783: =+LN(1+C783/100/365) -> 0.00021059426 | F783: =+D783-E783 -> -0.00021059426 | G783: =+G782*(1+F783) -> 0.55383677 | H783: 40.294 | I783: =+LN(H783/H782) -> 0 | J783: =+I783-E783 -> -0.00021059426
A784: 37266 | B784: 343.22 | C784: 7.6875 | D784: =+LN(B784/B783) -> 0 | E784: =+LN(1+C784/100/365) -> 0.00021059426 | F784: =+D784-E784 -> -0.00021059426 | G784: =+G783*(1+F784) -> 0.55372013 | H784: 40.294 | I784: =+LN(H784/H783) -> 0 | J784: =+I784-E784 -> -0.00021059426
A785: 37267 | B785: 343.22 | C785: 0 | D785: =+LN(B785/B784) -> 0 | E785: =+LN(1+C785/100/365) -> 0 | F785: =+D785-E785 -> 0 | G785: =+G784*(1+F785) -> 0.55372013 | H785: 40.294 | I785: =+LN(H785/H784) -> 0 | J785: =+I785-E785 -> 0
A786: 37270 | B786: 343.22 | C786: 0 | D786: =+LN(B786/B785) -> 0 | E786: =+LN(1+C786/100/365) -> 0 | F786: =+D786-E786 -> 0 | G786: =+G785*(1+F786) -> 0.55372013 | H786: 40.294 | I786: =+LN(H786/H785) -> 0 | J786: =+I786-E786 -> 0
A787: 37271 | B787: 343.22 | C787: 0 | D787: =+LN(B787/B786) -> 0 | E787: =+LN(1+C787/100/365) -> 0 | F787: =+D787-E787 -> 0 | G787: =+G786*(1+F787) -> 0.55372013 | H787: 40.294 | I787: =+LN(H787/H786) -> 0 | J787: =+I787-E787 -> 0
A788: 37272 | B788: 343.22 | C788: 0 | D788: =+LN(B788/B787) -> 0 | E788: =+LN(1+C788/100/365) -> 0 | F788: =+D788-E788 -> 0 | G788: =+G787*(1+F788) -> 0.55372013 | H788: 40.294 | I788: =+LN(H788/H787) -> 0 | J788: =+I788-E788 -> 0
A789: 37273 | B789: 371.2 | C789: 0 | D789: =+LN(B789/B788) -> 0.07836936 | E789: =+LN(1+C789/100/365) -> 0 | F789: =+D789-E789 -> 0.07836936 | G789: =+G788*(1+F789) -> 0.59711483 | H789: 40.294 | I789: =+LN(H789/H788) -> 0 | J789: =+I789-E789 -> 0
A790: 37274 | B790: 414.86 | C790: 0 | D790: =+LN(B790/B789) -> 0.11120011 | E790: =+LN(1+C790/100/365) -> 0 | F790: =+D790-E790 -> 0.11120011 | G790: =+G789*(1+F790) -> 0.66351406 | H790: 40.294 | I790: =+LN(H790/H789) -> 0 | J790: =+I790-E790 -> 0
... A7134: 46156 | B7134: 2762782.8 | C7134: 21.5625 | D7134: =+LN(B7134/B7133) -> 0.0088810394 | E7134: =+LN(1+C7134/100/365) -> 0.000590579 | F7134: =+D7134-E7134 -> 0.0082904604 | G7134: =+G7133*(1+F7134) -> 6.850372 | H7134: 12358.557 | I7134: =+LN(H7134/H7133) -> 0 | J7134: =+I7134-E7134 -> -0.000590579

Sheet merval_usd
A1: Dates | B1: .MERVCCL U Index
A2: =_xll.BDH(B$1,"PX_LAST","1/1/2010","","Dir=V","CDR=5D","Days=A","Dts=S","cols=2;rows=4270") -> 40179 | B2: 577.3125
A3: 40182 | B3: 592.0625
A4: 40183 | B4: 594.5995
A5: 40184 | B5: 587.0193
A6: 40185 | B6: 594.2894
A7: 40186 | B7: 587.843
A8: 40189 | B8: 582.3695
A9: 40190 | B9: 570.4256
A10: 40191 | B10: 578.1628
A11: 40192 | B11: 593.3346
A12: 40193 | B12: 584.1247
A13: 40196 | B13: 590.5936
A14: 40197 | B14: 586.7162
... A4271: 46156 | B4271: 1862.9449
